SYMBOL,PDO,PDH,PDL,PDC,Previous Day Close,Traded Quantity,Today Open Price,Today High,Today Low,TC/LATEST,TVOLUME,T % Price,SYMBOL,GapUP/GapDown,OL-OH,PRB,BUY,SELL,Change in Price %,Change in Volume %,Change in OI %,PCR ,Fut OI,Fut Change in OI ,Change in CE,Change in PE,Total,Previous Day Volume,CE,PE ,PCR,Delivery Volume,Delivery %,Nifty 50?
IEX,507,573.7,496.75,560.9,503.3,33652619,507,573.7,496.75,560.9,33652619,11.1,IEX,, ,,BUY,,11.44,44.73,26.86,1.45,4462500,1198750,1260000,1828750,3088750,23252363,4966250,3285000,0.66,"2,983,553",8.87,Yes
CANFINHOME,573,599,550.05,585.35,571,3216736,573,599,550.05,585.35,3216736,2.52,CANFINHOME,, ,,,,2.51,-27.18,25.34,0.23,1369875,347100,480675,112125,592800,4417283,1472250,359775,0.24,"764,466",23.77,
UBL,1475,1559,1469.55,1553.95,1473.45,1175823,1475,1559,1469.55,1553.95,1175823,5.35,UBL,, ,,,,5.46,238.52,16.32,0.14,1638700,267400,557900,79800,637700,347346,984200,292600,0.30,"237,779",20,
OFSS,4741.65,4745.95,4631.4,4648,4708.55,124401,4741.65,4745.95,4631.4,4648,124401,-1.1,OFSS,, ,,,,-1.29,-35.40,15.46,1.20,176250,27250,1250,1500,2750,192573,44250,13875,0.31,"58,839",47.30,
GUJGASLTD,725.95,729.3,702.75,706.15,720.1,1556898,725.95,729.3,702.75,706.15,1556898,-2.3,GUJGASLTD,, ,,,,-1.94,-9.88,14.43,0.46,2303750,332500,346250,160000,506250,1727498,1330000,632500,0.48,"628,465",40.37,Yes
SYNGENE,643.1,644.8,626,630,647,429124,643.1,644.8,626,630,429124,-1.77,SYNGENE,, ,,,,-2.63,-76.99,12.71,0.37,795600,101150,77350,28900,106250,1865150,486200,122400,0.25,"199,200",46,
POLYCAB,2086.05,2164,2030.35,2137.95,2073.55,939984,2086.05,2164,2030.35,2137.95,939984,3.41,POLYCAB,, ,,,,3.11,-34.91,11.63,0.33,495300,57600,44700,14700,59400,1444108,365700,89400,0.24,"148,163",15.76,Yes
IPCALAB,2598.4,2642.45,2491,2527,2590.05,274234,2598.4,2642.45,2491,2527,274234,-1.88,IPCALAB,, ,,,,-2.43,-69.44,10.93,0.12,135900,14850,11475,1350,12825,897311,86850,3600,0.04,"91,616",33.41,Yes
MPHASIS,2920.2,2930,2816.1,2832,2905.2,721085,2920.2,2930,2816.1,2832,721085,-2.28,MPHASIS,, ,,,,-2.52,-27.29,9.98,0.33,1461850,145925,88725,28925,117650,991789,429325,144625,0.34,"366,318",50.80,Yes
INDHOTEL,139.55,148.3,139.55,147.05,140.1,5019814,139.55,148.3,139.55,147.05,5019814,4.74,INDHOTEL,,BUY,,,,4.96,504.86,9.53,0.24,8143200,776100,1212900,288600,1501500,829920,2983500,1517100,0.51,"1,680,807",33.48,Yes
IDEA,6.05,6.35,6,6.15,6.05,278532142,6.05,6.35,6,6.15,278532142,0.82,IDEA,, ,,,,1.65,-6.82,8.15,0.39,440720000,35910000,14280000,5600000,19880000,298905204,226170000,121800000,0.54,"61,081,280",21.93,
EXIDEIND,163,171,162.8,169.95,161.5,14837295,163,171,162.8,169.95,14837295,5.46,EXIDEIND,, ,,,,5.23,181.14,7.85,0.17,28886400,2268000,543600,90000,633600,5277497,10584000,5068800,0.48,"4,997,460",33.68,Yes
PEL,2630,2699,2570.05,2593.75,2606.75,1335925,2630,2699,2570.05,2593.75,1335925,-0.49,PEL,, ,,,SELL,-0.50,31.08,7.62,0.27,3192475,243375,184800,50050,234850,1019155,841225,372075,0.44,"642,406",48.09,
AARTIIND,942.7,946.2,919,922.65,938,570829,942.7,946.2,919,922.65,570829,-1.65,AARTIIND,, ,,,SELL,-1.64,8.78,7.31,0.39,2732750,199750,134300,52700,187000,524749,793050,304300,0.38,"244,394",42.81,
INDIAMART,7886.9,7956.7,7655,7679.1,7825,109464,7886.9,7956.7,7655,7679.1,109464,-2.15,INDIAMART,, ,,,,-1.86,-65.68,7.20,0.66,109350,7875,11175,7425,18600,318931,88800,17400,0.20,"37,943",34.66,Yes
PIDILITIND,2290,2339,2283.1,2311.85,2279.1,1206729,2290,2339,2283.1,2311.85,1206729,1.38,PIDILITIND,, ,,,,1.44,87.32,7.07,0.17,2913000,206000,331500,56500,388000,644194,811000,292500,0.36,"501,819",41.59,Yes
VOLTAS,1009,1049,1004,1045,1000.75,4136191,1009,1049,1004,1045,4136191,4.94,VOLTAS,, ,,,,4.42,246.26,6.98,0.21,3405000,237500,408500,87500,496000,1194523,2153000,1244500,0.58,"1,471,209",36,
ASTRAL,2053.4,2160,2042,2107,2040,723180,2053.4,2160,2042,2107,723180,3.23,ASTRAL,, ,,,,3.28,96.51,6.95,0.06,427350,29700,38500,2200,40700,368007,111100,30800,0.28,"403,499",55.80,
SBILIFE,1189,1222.8,1183.9,1214.4,1191,1955177,1189,1222.8,1183.9,1214.4,1955177,1.87,SBILIFE,, ,,,,1.96,13.69,6.67,0.74,6777750,452250,425250,312750,738000,1719768,2430750,1065000,0.44,"1,066,062",54.53,
EICHERMOT,2680,2767,2662.05,2694,2674,1997385,2680,2767,2662.05,2694,1997385,0.55,EICHERMOT,, ,,,,0.75,-16.14,6.65,0.27,4251100,282800,238350,63350,301700,2381821,910000,474250,0.52,"737,710",36.93,
M&M,793.3,802.5,768.9,769.8,793.15,6031309,793.3,802.5,768.9,769.8,6031309,-2.96,M&M,, ,,,SELL,-2.94,81.42,6.30,0.32,12506900,787500,2179800,695800,2875600,3324467,6104000,2093700,0.34,"3,587,675",59.48,
KOTAKBANK,1753.75,1753.85,1738,1748,1751,7266354,1753.75,1753.85,1738,1748,7266354,-0.33,KOTAKBANK,, ,,,SELL,-0.17,61.74,5.84,0.54,17096400,999200,485200,259600,744800,4492609,4802000,3975200,0.83,"3,818,697",52.55,
DIXON,4160.4,4197.85,4132.5,4138,4161,219818,4160.4,4197.85,4132.5,4138,219818,-0.54,DIXON,, ,,,,-0.55,-8.96,5.71,0.91,194875,11125,4000,3625,7625,241465,114125,33625,0.29,"133,585",60.77,Yes
M&MFIN,159,167.3,158.95,161.95,160.05,13340564,159,167.3,158.95,161.95,13340564,1.12,M&MFIN,, ,,,,1.19,65.35,5.61,0.50,30820000,1728000,716000,356000,1072000,8068293,11172000,6972000,0.62,"3,747,258",28.09,
IBULHSGFIN,224.6,236.2,223.2,232.5,223.8,19309370,224.6,236.2,223.2,232.5,19309370,3.79,IBULHSGFIN,, ,,,,3.89,68.20,5.52,0.00,38567100,2129700,3047300,-3100,3044200,11480181,15565100,6643300,0.43,"2,485,758",12.87,
NMDC,154,154,150,152.4,154.05,13022242,154,154,150,152.4,13022242,-1.07,NMDC,,SELL,,,SELL,-1.07,2.42,5.39,0.69,88694600,4777100,1648200,1139000,2787200,12714721,25667700,18813600,0.73,"4,232,566",32.50,
PVR,1335.95,1345,1318.55,1335,1328,618536,1335.95,1345,1318.55,1335,618536,0.53,PVR,, ,,,,0.53,41.96,5.24,-1.19,1871386,98087,-8547,10175,1628,435723,684167,278795,0.41,"309,649",50.06,
ASHOKLEY,122.5,124.25,121.4,122.35,122.7,19885829,122.5,124.25,121.4,122.35,19885829,-0.33,ASHOKLEY,, ,,,,-0.29,-0.80,5.19,0.12,39591000,2056500,1408500,162000,1570500,20046747,19534500,11281500,0.58,"7,087,808",35.64,
MCX,1524.4,1527.1,1491,1500,1519.05,472154,1524.4,1527.1,1491,1500,472154,-1.16,MCX,, ,,,,-1.25,-26.92,4.99,0.65,863100,43050,28700,18550,47250,646102,353150,108150,0.31,"204,554",43.32,
MCDOWELL-N,719,741.3,702.25,739.45,714.1,2617635,719,741.3,702.25,739.45,2617635,3.4,MCDOWELL-N,, ,,,,3.55,-11.34,4.89,0.17,14952500,731250,1088750,185000,1273750,2952559,4787500,1695000,0.35,"612,787",23.41,
PFC,129.1,130.2,127.8,129.1,128.7,4150692,129.1,130.2,127.8,129.1,4150692,0.04,PFC,, ,,,,0.31,-11.63,4.88,2.81,28842400,1407400,192200,539400,731600,4697193,10186600,8159200,0.80,"1,957,037",47.15,
HAL,1364,1382.15,1339.55,1350,1369.35,664262,1364,1382.15,1339.55,1350,664262,-1.88,HAL,, ,,,,-1.41,-47.02,4.64,-1.43,982775,45600,9975,-14250,-4275,1253854,650275,186675,0.29,"122,493",18.44,Yes
GRANULES,331.3,347.9,331.2,344.25,330,4522288,331.3,347.9,331.2,344.25,4522288,3.91,GRANULES,, ,,,,4.32,211.94,4.38,0.36,12209350,534750,798250,285200,1083450,1449735,3809900,1129950,0.30,"793,587",17.55,
ESCORTS,1347,1375,1311.1,1345.35,1345.5,1297957,1347,1375,1311.1,1345.35,1297957,-0.07,ESCORTS,, ,,,SELL,-0.01,56.77,4.27,-0.67,6481200,276650,-85800,57200,-28600,827925,2395800,1321100,0.55,"293,901",22.64,
HAVELLS,1270,1354.3,1266.15,1346.4,1256,5063369,1270,1354.3,1266.15,1346.4,5063369,6.15,HAVELLS,, ,,BUY,,7.20,4.10,4.10,1.14,4627500,189500,402500,458500,861000,4863922,1488500,1030000,0.69,"821,321",16.22,
MFSL,1089,1102.55,1070,1072.6,1089.55,705333,1089,1102.55,1070,1072.6,705333,-1.43,MFSL,, ,,,,-1.56,-22.81,3.84,0.24,2964650,113750,16250,3900,20150,913776,192400,56550,0.29,"391,646",55.53,
GAIL,147,148.25,144.5,144.9,146.9,10817269,147,148.25,144.5,144.9,10817269,-0.86,GAIL,, ,,,,-1.36,-22.79,3.63,0.27,36929400,1342000,1421300,390400,1811700,14009836,11071500,6337900,0.57,"6,321,795",58.44,
AXISBANK,798.1,819,795.4,798.4,787,19972195,798.1,819,795.4,798.4,19972195,1.51,AXISBANK,, ,,,,1.45,64.86,3.49,0.20,30230400,1056000,5671200,1154400,6825600,12114870,15921600,8932800,0.56,"6,362,696",31.86,Yes
GMRINFRA,29.2,30.65,28.9,30.5,29.1,11482944,29.2,30.65,28.9,30.5,11482944,4.99,GMRINFRA,, ,,,,4.81,133.51,3.38,0.16,101970000,3442500,7740000,1260000,9000000,4917548,41490000,23962500,0.58,"3,276,264",28.53,
LT,1672.25,1718,1672.2,1688.15,1673.1,3530101,1672.25,1718,1672.2,1688.15,3530101,0.95,LT,, ,,,,0.90,8.13,3.33,0.06,14383625,478400,583625,33350,616975,3264644,4985825,2295400,0.46,"1,748,907",49.54,
INDUSINDBK,994,1025,993,998.1,992.95,3854558,994,1025,993,998.1,3854558,0.57,INDUSINDBK,, ,,,,0.52,22.81,3.21,0.10,13445100,431100,1140300,114300,1254600,3138652,5631300,3306600,0.59,"1,139,028",29.55,Yes
BALKRISIND,2298.8,2337,2276.05,2326.95,2296.95,326228,2298.8,2337,2276.05,2326.95,326228,1.4,BALKRISIND,, ,,,,1.31,-31.93,3.17,0.04,1450800,46000,102000,4400,106400,479245,446400,155200,0.35,"107,734",33.02,
ICICIPRULI,659.1,668.8,656.6,657.85,658.55,2107316,659.1,668.8,656.6,657.85,2107316,-0.19,ICICIPRULI,, ,,,,-0.11,-72.21,3.12,0.13,6447000,201000,531000,67500,598500,7583164,1570500,589500,0.38,"1,365,868",64.82,
RECLTD,152.45,154,151.05,152.75,151.55,2980739,152.45,154,151.05,152.75,2980739,0.69,RECLTD,, ,,,,0.79,-31.92,2.98,0.04,21732000,648000,456000,18000,474000,4378579,6000000,4668000,,"1,497,607",50.24,
MARICO,549.35,549.35,541,546.5,545.5,3113020,549.35,549.35,541,546.5,3113020,0.38,MARICO,,SELL,,,,0.18,-37.92,2.88,0.55,10344000,298000,138000,76000,214000,5014916,2062000,1164000,0.56,"1,505,957",48.38,
ICICIGI,1600,1653.8,1600,1631.2,1599,955812,1600,1653.8,1600,1631.2,955812,2.3,ICICIGI,,BUY,,,,2.01,33.78,2.78,0.67,2015775,56100,93075,62475,155550,714442,566950,347225,0.61,"406,690",42.55,
COFORGE,5201.1,5246.3,5143.25,5160,5210,199398,5201.1,5246.3,5143.25,5160,199398,-0.94,COFORGE,, ,,,,-0.96,-69.36,2.72,3.13,749600,20400,4600,14400,19000,650782,443600,200600,0.45,"50,274",25.21,
INFY,1709.5,1709.5,1673.15,1677.05,1713,7801974,1709.5,1709.5,1673.15,1677.05,7801974,-1.72,INFY,,SELL,,,,-2.10,-36.34,2.71,0.41,30703800,831600,2542800,1041600,3584400,12255438,11349000,5988600,0.53,"5,675,014",72.74,Yes
BOSCHLTD,13899,14045.55,13850,14008.9,13870,22207,13899,14045.55,13850,14008.9,22207,1.08,BOSCHLTD,, ,,,,1.00,1.05,2.52,0.03,164850,4150,5400,150,5550,21977,30850,11000,0.36,"8,679",39.08,
PFIZER,5725.05,5874.8,5709,5848.55,5708.1,78300,5725.05,5874.8,5709,5848.55,78300,2.16,PFIZER,, ,,,,2.46,137.69,2.38,0.01,231500,5500,91250,1250,92500,32942,116500,13750,0.12,"16,454",21.01,
CHOLAFIN,554,576,551.4,567.1,552.3,3711331,554,576,551.4,567.1,3711331,2.36,CHOLAFIN,, ,,,,2.68,-29.34,2.16,0.40,10382500,223750,718750,286250,1005000,5252586,2373750,1236250,0.52,"1,051,426",28.33,Yes
BIOCON,360,360,352.85,355.2,357.65,2210493,360,360,352.85,355.2,2210493,-1.02,BIOCON,,SELL,,,SELL,-0.69,4.99,2.12,0.55,17346600,368000,370300,202400,572700,2105520,5037000,3477600,0.69,"1,077,801",48.76,
CUMMINSIND,1000,1015.95,996.05,1011,998.95,653535,1000,1015.95,996.05,1011,653535,1.19,CUMMINSIND,, ,,,,1.21,58.18,1.99,0.12,2557200,51000,175200,21600,196800,413161,604200,210000,0.35,"239,230",36.61,
AUBANK,1172,1208.6,1118.15,1152.55,1125.35,9586161,1172,1208.6,1118.15,1152.55,9586161,1.93,AUBANK,, ,,,,2.42,-26.49,1.88,0.67,4617000,87000,662500,446000,1108500,13040293,5017000,2463500,0.49,"1,019,236",10.63,
SUNTV,485.6,493.75,483.35,488,482.5,1725690,485.6,493.75,483.35,488,1725690,1.13,SUNTV,, ,,,,1.14,52.13,1.74,0.16,13527000,235500,345000,54000,399000,1134382,1618500,868500,0.54,"439,706",25,
COROMANDEL,792.5,802.9,789.05,793.2,791.5,378137,792.5,802.9,789.05,793.2,378137,0.04,COROMANDEL,, ,,,,0.21,-40.13,1.72,0.30,1560000,26875,50000,15000,65000,631601,675000,251875,0.37,"121,545",32.14,
PETRONET,227.6,229.9,226.35,227.4,227.5,1196254,227.6,229.9,226.35,227.4,1196254,-0.09,PETRONET,, ,,,,-0.04,-83.31,1.63,-0.05,21696000,354000,177000,-9000,168000,7168834,4347000,2328000,0.54,"561,691",46.95,
HDFCLIFE,720,724.6,707.3,718.55,717.15,4991772,720,724.6,707.3,718.55,4991772,0.11,HDFCLIFE,, ,,,,0.20,29.50,1.59,-0.29,21018800,334400,18700,-5500,13200,3854510,5770600,3954500,0.69,"3,359,761",67.31,
MUTHOOTFIN,1527,1533.35,1510.6,1524,1517.7,406760,1527,1533.35,1510.6,1524,406760,0.66,MUTHOOTFIN,, ,,,,0.42,-47.31,1.55,-0.30,2949000,45750,-60750,18000,-42750,772060,930750,666750,0.72,"116,054",28.53,Yes
TRENT,1004.45,1036.7,988.2,992,1002,861143,1004.45,1036.7,988.2,992,861143,-1.48,TRENT,, ,,,,-1.00,-11.10,1.55,0.59,1404325,21750,19575,11600,31175,968660,659025,148625,0.23,"249,815",29,
NTPC,116,116.7,114.75,115.3,115.9,7508413,116,116.7,114.75,115.3,7508413,-0.56,NTPC,, ,,,,-0.52,-34.06,1.53,0.37,64957200,991800,1715700,627000,2342700,11386659,20833500,10841400,0.52,"4,386,772",58.42,
TATASTEEL,1451.25,1455.5,1407,1410.95,1447.1,8812897,1451.25,1455.5,1407,1410.95,8812897,-2.71,TATASTEEL,, ,,,,-2.50,-64.40,1.52,0.31,41852300,634950,2229550,686800,2916350,24752108,16216300,9638150,0.59,"2,085,524",24,Yes
BAJAJFINSV,17166.45,17263.5,16740.15,16788,17093.8,461843,17166.45,17263.5,16740.15,16788,461843,-2.1,BAJAJFINSV,, ,,,,-1.79,-29.18,1.49,-0.24,795000,11850,120675,-29025,91650,652127,485175,339975,0.70,"126,345",27.36,Yes
MOTHERSUMI,219.7,221.5,216.75,217.15,218.95,4199883,219.7,221.5,216.75,217.15,4199883,-0.66,MOTHERSUMI,, ,,,,-0.82,-37.55,1.47,0.23,32403000,476000,357000,80500,437500,6725638,7637000,5848500,0.77,"1,720,905",40.98,
PAGEIND,31500,32288.95,31279.3,31954,31365,21226,31500,32288.95,31279.3,31954,21226,1.44,PAGEIND,, ,,,,1.88,-9.59,1.43,0.00,86160,1230,600,0,600,23477,2040,360,0.18,"10,221",48.15,Yes
INDUSTOWER,216.25,220.8,215.5,216.6,214.75,2211111,216.25,220.8,215.5,216.6,2211111,0.58,INDUSTOWER,, ,,,,0.86,-65.74,1.43,0.10,13344800,190400,856800,86800,943600,6454620,4233600,2847600,0.67,"769,035",34.78,
APLLTD,754.5,762,747.1,754.5,752.45,194882,754.5,762,747.1,754.5,194882,0.42,APLLTD,, ,,,,0.27,15.82,1.39,0.38,1777600,24750,4400,1650,6050,168262,323950,160050,0.49,"60,486",31.04,
POWERGRID,177.8,177.8,174.65,175.5,175.35,8863194,177.8,177.8,174.65,175.5,8863194,0.09,POWERGRID,,SELL,,,,0.09,-72.68,1.33,3.10,28398225,378643,53330,165323,218653,32436250,10586005,5434327,0.51,"6,577,365",74.21,Yes
HDFCBANK,1575,1598,1574.5,1575,1580.85,6211279,1575,1598,1574.5,1575,6211279,-0.4,HDFCBANK,, ,,,SELL,-0.37,2.98,1.26,-0.33,22473550,283250,563200,-183700,379500,6031288,11178750,6176500,0.55,"3,924,656",63.19,Yes
WIPRO,643.8,647.35,635.25,640.75,640.75,4725222,643.8,647.35,635.25,640.75,4725222,-0.03,WIPRO,, ,,,,0.00,-39.39,1.25,0.59,27452800,342400,1460800,862400,2323200,7795908,10539200,6108800,0.58,"1,463,441",31,
L&TFH,83.25,84.75,82.6,83.85,83.15,6319772,83.25,84.75,82.6,83.85,6319772,0.66,L&TFH,, ,,,,0.84,-5.76,1.17,-1.04,57229612,669300,249872,-258796,-8924,6705841,23014996,13216444,0.57,"1,397,726",22.12,
HINDPETRO,268.85,269.9,263.65,266,267,2371380,268.85,269.9,263.65,266,2371380,-0.23,HINDPETRO,, ,,,,-0.37,-59.55,0.99,0.97,22877100,226800,94500,91800,186300,5862402,3177900,1752300,0.55,"865,116",36.48,Yes
LALPATHLAB,4051.55,4238,4047.15,4174.8,4060,563036,4051.55,4238,4047.15,4174.8,563036,3.04,LALPATHLAB,, ,,,,2.83,67.93,0.98,0.41,356000,3500,38000,15500,53500,335279,238500,85000,0.36,"101,097",17.96,Yes
ITC,211,212.3,209.3,209.55,211,16241960,211,212.3,209.3,209.55,16241960,-0.83,ITC,, ,,,,-0.69,-37.07,0.92,-0.06,168508800,1548800,7081600,-416000,6665600,25808430,93568000,48550400,0.52,"9,752,416",60.04,
BATAINDIA,1776.5,1805,1764,1770,1768,489479,1776.5,1805,1764,1770,489479,-0.1,BATAINDIA,, ,,,,0.11,-23.40,0.92,0.30,1796850,16500,57750,17600,75350,638971,718850,223850,0.31,"175,876",35.93,
DEEPAKNTR,2287.95,2333.1,2272,2305,2283.2,745482,2287.95,2333.1,2272,2305,745482,0.94,DEEPAKNTR,, ,,,,0.95,-56.69,0.90,-0.77,2892500,26000,-6500,5000,-1500,1721286,1437500,898000,0.62,"175,934",23.60,Yes
SRF,10300,10313,9825.1,9944.95,10185,549006,10300,10313,9825.1,9944.95,549006,-1.92,SRF,, ,,,,-2.36,-43.54,0.83,0.17,600000,5000,147250,25000,172250,972455,664625,412500,0.62,"181,058",33,Yes
BAJAJ-AUTO,3754,3810,3730.1,3753.5,3734,585605,3754,3810,3730.1,3753.5,585605,0.69,BAJAJ-AUTO,, ,,,,0.52,-15.61,0.79,0.17,2369000,18750,371000,64250,435250,693952,1058750,444750,0.42,"201,512",34.41,Yes
JUBLFOOD,3997.2,4080,3977.85,3993,3996.3,509762,3997.2,4080,3977.85,3993,509762,-0.05,JUBLFOOD,, ,,,,-0.08,-29.43,0.76,0.10,1616750,12250,210000,21750,231750,722322,959500,407000,0.42,"164,937",32.36,
CONCOR,680.05,697.4,676.25,686.05,680.05,2396818,680.05,697.4,676.25,686.05,2396818,0.96,CONCOR,, ,,,,0.88,8.87,0.75,-0.02,7044441,53142,192249,-3126,189123,2201566,1439523,700224,0.49,"1,354,952",56.53,
TATAPOWER,129.7,134.25,128.7,133.3,129,31166001,129.7,134.25,128.7,133.3,31166001,3.29,TATAPOWER,, ,,,,3.33,28.25,0.72,-0.05,124760250,904500,5157000,-270000,4887000,24301446,44435250,29065500,0.65,"7,561,267",24,Yes
NATIONALUM,91,91.55,87.9,88.7,90.7,36369489,91,91.55,87.9,88.7,36369489,-2.26,NATIONALUM,, ,,,,-2.21,-38.81,0.71,0.95,91630000,646000,1088000,1037000,2125000,59439489,30804000,19244000,0.62,"12,103,793",33.28,
MGL,1146.9,1160.8,1138,1148,1146,224230,1146.9,1160.8,1138,1148,224230,0.12,MGL,, ,,BUY,,0.17,-8.17,0.64,2.50,1777200,11400,-1200,-3000,-4200,244169,436800,283200,0.65,"76,181",33.97,
TATACHEM,848.75,853.9,834,839.95,845.5,1752608,848.75,853.9,834,839.95,1752608,-0.56,TATACHEM,, ,,,,-0.66,-61.38,0.63,0.50,11191000,70000,333000,168000,501000,4538227,5205000,2253000,0.43,"603,526",34,
JSWSTEEL,688,689,675,677.3,686.9,4316801,688,689,675,677.3,4316801,-1.5,JSWSTEEL,, ,,,,-1.40,-20.05,0.58,1.14,47455200,274050,510300,581850,1092150,5399215,9506700,4901850,0.52,"1,278,721",29.62,Yes
RAMCOCEM,1015.85,1017.7,991.5,1015.8,1008,376607,1015.85,1017.7,991.5,1015.8,376607,0.69,RAMCOCEM,, ,,BUY,,0.77,15.78,0.55,2.00,1847050,10200,6800,13600,20400,325284,67150,47600,0.71,"211,048",56.04,
UPL,745.15,752.5,739.8,748.8,739.9,2051308,745.15,752.5,739.8,748.8,2051308,1.02,UPL,, ,,,,1.20,-33.29,0.55,0.55,23132200,127400,133900,74100,208000,3074791,4533100,2714400,0.60,"688,274",34,
TITAN,1925.2,1953.95,1915,1943.95,1920,1247432,1925.2,1953.95,1915,1943.95,1247432,1.16,TITAN,, ,,,,1.25,-31.31,0.54,0.51,5159625,27750,458625,231750,690375,1816071,1675500,1149375,0.69,"520,379",42,Yes
HDFC,2790,2796.95,2736.6,2746.2,2794.7,3084291,2790,2796.95,2736.6,2746.2,3084291,-1.87,HDFC,, ,,,,-1.74,-37.48,0.50,-0.01,13322100,66900,492300,-4500,487800,4933523,2205900,1171500,0.53,"1,887,231",61.19,Yes
ONGC,121.8,122.25,119.4,119.65,120.35,10964080,121.8,122.25,119.4,119.65,10964080,-0.75,ONGC,, ,,,,-0.58,-18.03,0.49,-0.12,52383100,254100,1170400,-138600,1031800,13376290,21490700,11465300,0.53,"3,829,860",34.93,
BPCL,473.25,479.4,472.2,476.9,471.5,5219501,473.25,479.4,472.2,476.9,5219501,1.11,BPCL,, ,,,,1.15,-42.01,0.47,-0.68,40768200,190800,502200,-343800,158400,9001236,16867800,9815400,0.58,"1,891,566",36.24,Yes
JINDALSTEL,378.95,379.9,368.5,370.25,376.9,8361942,378.95,379.9,368.5,370.25,8361942,-1.78,JINDALSTEL,, ,,,,-1.76,-19.71,0.43,0.74,37050000,157500,1197500,882500,2080000,10414277,11090000,6387500,0.58,"1,974,984",23.62,
ZEEL,173,174.8,171.8,174,171.6,6942115,173,174.8,171.8,174,6942115,1.37,ZEEL,, ,,,,1.40,71.47,0.39,0.17,71121000,276000,1503000,249000,1752000,4048562,22890000,15750000,0.69,"2,562,389",37,
LTI,5356,5388.2,5268.95,5275.5,5334.35,199409,5356,5388.2,5268.95,5275.5,199409,-0.7,LTI,, ,,,,-1.10,-29.38,0.37,-0.24,731100,2700,-7500,1800,-5700,282387,141600,62250,0.44,"76,221",38.22,
HDFCAMC,3076,3110.95,3052.05,3100,3074.5,303442,3076,3110.95,3052.05,3100,303442,0.84,HDFCAMC,, ,,,,0.83,-23.84,0.34,0.46,1063200,3600,-9200,-4200,-13400,398418,293600,159000,0.54,"151,033",49.77,Yes
RELIANCE,2273,2292.9,2263,2266,2257,5143640,2273,2292.9,2263,2266,5143640,0.35,RELIANCE,, ,,,,0.40,-57.92,0.26,0.23,32912000,85000,960250,222500,1182750,12223037,13370250,6280500,0.47,"2,684,394",52.19,Yes
ICICIBANK,727.6,734.8,717.2,718.3,718,13729351,727.6,734.8,717.2,718.3,13729351,-0.1,ICICIBANK,, ,,,,0.04,-30.52,0.18,0.21,91509000,163625,2249500,473000,2722500,19760246,22338250,11863500,0.53,"6,109,185",44.50,
IRCTC,2755,2765.4,2718,2742.05,2749.95,914965,2755,2765.4,2718,2742.05,914965,-0.36,IRCTC,, ,,,,-0.29,-55.37,0.17,-0.89,1744600,2925,-32175,28600,-3575,2050223,1649375,974675,0.59,"225,489",24.64,
MINDTREE,3652,3671.9,3572.55,3606,3625,821772,3652,3671.9,3572.55,3606,821772,-0.59,MINDTREE,, ,,,,-0.52,-19.93,0.14,0.58,2043600,2800,60800,35200,96000,1026256,1632000,748800,0.46,"291,266",35.44,
ADANIENT,1594.9,1600.85,1561.5,1565,1585,3056760,1594.9,1600.85,1561.5,1565,3056760,-1.42,ADANIENT,, ,,,,-1.26,-57.75,0.13,0.22,15585000,20000,379000,84000,463000,7234384,5708000,3802000,0.67,"615,139",20.12,
TECHM,1450,1468.25,1427.5,1434.4,1450.15,1829925,1450,1468.25,1427.5,1434.4,1829925,-0.92,TECHM,, ,,,,-1.09,-71.38,0.12,0.25,9841800,11400,135000,33600,168600,6392991,3429600,1479600,0.43,"783,277",43,
VEDL,305,305.25,294,298.9,303.15,25319582,305,305.25,294,298.9,25319582,-1.29,VEDL,, ,,,,-1.40,-6.36,0.04,0.23,135891600,49600,2235100,523900,2759000,27040537,20608800,13503600,0.66,"11,874,527",47,
DIVISLAB,5176,5271.65,5150,5194,5170,581886,5176,5271.65,5150,5194,581886,0.39,DIVISLAB,, ,,,,0.46,-35.10,0.00,0.19,2143000,0,47200,8800,56000,896587,507600,280000,0.55,"247,499",42.53,
CIPLA,949,954.9,920,921.9,949,4434153,949,954.9,920,921.9,4434153,-2.73,CIPLA,, ,,,,-2.86,80.02,-0.02,0.66,11727300,-1950,772200,506350,1278550,2463088,3044600,2026700,0.67,"2,197,402",49.56,Yes
IOC,111,111.7,109.6,110.55,110.95,11800119,111,111.7,109.6,110.55,11800119,-0.27,IOC,, ,,,,-0.36,-47.14,-0.08,0.80,54671500,-45500,1924000,1547000,3471000,22323605,20403500,14488500,0.71,"3,887,512",32.94,
NAVINFLUOR,4053.9,4071.85,3971,4021,4029.95,177457,4053.9,4071.85,3971,4021,177457,-0.16,NAVINFLUOR,, ,,,,-0.22,-68.68,-0.10,-0.29,431775,-450,-9450,2700,-6750,566577,328950,99900,0.30,"38,675",21.79,
HINDUNILVR,2745,2775,2715,2721.1,2720,1775792,2745,2775,2715,2721.1,1775792,-0.11,HINDUNILVR,, ,,,,0.04,-29.97,-0.13,4.00,7617600,-10200,23700,94800,118500,2535891,1634400,1304100,0.80,"1,070,028",60.26,
MANAPPURAM,161,166.25,160.15,164.3,160.25,6508451,161,166.25,160.15,164.3,6508451,2.43,MANAPPURAM,, ,,,,2.53,19.07,-0.16,0.11,25848000,-42000,2826000,306000,3132000,5465973,15774000,8376000,0.53,"1,275,895",19.60,
APOLLOHOSP,4985,5071.8,4945.3,5030,4982,841956,4985,5071.8,4945.3,5030,841956,1.22,APOLLOHOSP,, ,,,,0.96,-70.80,-0.17,-0.86,2191750,-3750,-69000,59000,-10000,2883159,1100000,563000,0.51,"179,562",21.33,
IGL,549,553.4,540.05,549,545.95,2022939,549,553.4,540.05,549,2022939,0.58,IGL,, ,,,,0.56,-52.47,-0.22,-0.28,8804125,-19250,68750,-19250,49500,4255913,1797125,1091750,0.61,"1,206,428",59.64,
PIIND,3424.4,3456.95,3329,3377,3415.05,282747,3424.4,3456.95,3329,3377,282747,-0.5,PIIND,, ,,,,-1.11,-48.55,-0.22,-4.67,1011750,-2250,-2250,10500,8250,549536,133750,32250,0.24,"139,499",49.34,
ULTRACEMCO,7832,7930,7691.5,7761.05,7828,352822,7832,7930,7691.5,7761.05,352822,-0.91,ULTRACEMCO,, ,,,,-0.86,-25.87,-0.24,0.08,1756700,-4200,24900,1900,26800,475968,295300,186800,0.63,"142,794",40,
GRASIM,1510,1514.5,1480.2,1485,1500,664026,1510,1514.5,1480.2,1485,664026,-1.03,GRASIM,, ,,,,-1.00,-59.91,-0.26,0.12,10185900,-26600,112575,13775,126350,1656264,776150,379525,0.49,"271,849",40.94,
BERGEPAINT,820.8,835.5,820.8,829.3,818.1,1079667,820.8,835.5,820.8,829.3,1079667,1.04,BERGEPAINT,,BUY,,,,1.37,-11.50,-0.33,0.31,4610100,-15400,227700,70400,298100,1219916,1109900,536800,0.48,"378,088",35.02,
LTTS,3942,3953.95,3859.3,3902,3923,186733,3942,3953.95,3859.3,3902,186733,-0.45,LTTS,, ,,,,-0.54,-6.40,-0.44,-0.81,543800,-2400,-3200,2600,-600,199497,210400,56200,0.27,"73,957",39.61,Yes
IDFCFIRSTB,42.95,44.6,42.7,44.4,42.85,31044253,42.95,44.6,42.7,44.4,31044253,3.38,IDFCFIRSTB,, ,,,,3.62,-25.19,-0.46,-2.27,180861000,-826500,-389500,883500,494000,41496912,52734500,30846500,0.58,"8,598,333",27.70,
COLPAL,1696.4,1718.95,1693.15,1703,1686.75,621889,1696.4,1718.95,1693.15,1703,621889,0.57,COLPAL,, ,,,,0.96,-60.80,-0.46,0.30,2488500,-11550,70700,21350,92050,1586467,607950,269150,0.44,"314,572",50.58,
MARUTI,6799.95,6820,6702.35,6786,6836.3,1108476,6799.95,6820,6702.35,6786,1108476,-0.88,MARUTI,, ,,,,-0.74,18.13,-0.49,2.06,3334900,-16400,108500,223100,331600,938326,1417200,1072800,0.76,"609,996",55.03,
TORNTPHARM,3107,3180,3092.35,3166,3100,166202,3107,3180,3092.35,3166,166202,1.94,TORNTPHARM,, ,,,,2.13,-45.23,-0.50,-0.11,800750,-4000,-2250,250,-2000,303454,102000,13750,0.13,"58,061",35,
GLENMARK,531,535.5,528.4,531.5,529.85,1023967,531,535.5,528.4,531.5,1023967,0.23,GLENMARK,, ,,,,0.31,-40.53,-0.52,1.02,7901650,-41400,71300,72450,143750,1721956,1937750,972900,0.50,"256,156",25.02,
ADANIPORTS,750.05,751.85,737.6,744.4,747.25,5320381,750.05,751.85,737.6,744.4,5320381,-0.52,ADANIPORTS,, ,,,,-0.38,-65.50,-0.53,0.59,87810000,-462500,407500,238750,646250,15419587,11826250,6623750,0.56,"1,397,825",26.27,Yes
SBIN,427.5,432.55,425.15,428.65,425.6,18776721,427.5,432.55,425.15,428.65,18776721,0.61,SBIN,, ,,,,0.72,-28.50,-0.55,0.95,87661500,-483000,796500,760500,1557000,26262421,35908500,26226000,0.73,"5,551,117",29.56,
SAIL,121.4,121.6,118.3,119.75,121.5,29172329,121.4,121.6,118.3,119.75,29172329,-1.52,SAIL,, ,,,,-1.44,-8.79,-0.59,0.37,156303500,-921500,1358500,503500,1862000,31984469,35767500,20472500,0.57,"6,842,870",23.46,
LUPIN,961,965.45,950,963.15,955.75,1069926,961,965.45,950,963.15,1069926,0.55,LUPIN,, ,,,,0.77,-16.81,-0.60,0.24,10483900,-62900,-171700,-40800,-212500,1286167,4221950,2647750,0.63,"491,470",45.93,
BEL,187.2,192.35,186.55,190.1,185.9,8980084,187.2,192.35,186.55,190.1,8980084,1.85,BEL,, ,,,,2.26,24.70,-0.60,0.44,23993200,-144400,2116600,927200,3043800,7201234,8717200,4719600,0.54,"3,926,489",43.72,
PNB,36.6,37.45,36.55,37.35,36.5,41504907,36.6,37.45,36.55,37.35,41504907,1.91,PNB,, ,,,,2.33,-26.72,-0.71,1.37,289232000,-2064000,3408000,4656000,8064000,56641931,67040000,49552000,0.74,"8,212,065",19.79,Yes
TATAMOTORS,289,297.4,287.3,294.65,287.6,33103168,289,297.4,287.3,294.65,33103168,2.56,TATAMOTORS,, ,,,,2.45,-10.41,-0.80,0.07,109944450,-874950,3593850,256500,3850350,36951003,55728900,30594750,0.55,"8,894,065",27,
TATACONSUM,871.1,874.7,852.3,865.4,866.75,2051666,871.1,874.7,852.3,865.4,2051666,0.05,TATACONSUM,, ,,,,-0.16,-3.77,-0.87,-0.35,7794900,-67500,-232200,82350,-149850,2132008,3002400,1544400,0.51,"914,531",45,
SIEMENS,2280,2300,2262.2,2280,2270.2,263320,2280,2300,2262.2,2280,263320,0.33,SIEMENS,, ,,,,0.43,-22.54,-0.88,0.27,1834800,-16225,21450,5775,27225,339959,216700,61325,0.28,"94,373",36,
STAR,615,618.35,602,606.7,612,383916,615,618.35,602,606.7,383916,-1.09,STAR,, ,,,,-0.87,-35.24,-1.00,-4.25,2029725,-20250,-2700,11475,8775,592795,415800,209925,0.50,"85,469",22,Yes
NESTLEIND,19746.8,19890,19552.1,19805,19500,104843,19746.8,19890,19552.1,19805,104843,1.73,NESTLEIND,, ,,,,1.56,-53.89,-1.00,0.19,415650,-4150,-3350,-650,-4000,227370,68050,27550,0.40,"53,048",50.60,
AMBUJACEM,423,424.05,418.8,421.45,422,1910281,423,424.05,418.8,421.45,1910281,0.1,AMBUJACEM,, ,,,,-0.13,-69.88,-1.01,-0.78,14880000,-150000,-27000,21000,-6000,6342929,4032000,2412000,0.60,"862,096",45.13,
COALINDIA,146.6,146.65,143.9,144.55,145.75,8415876,146.6,146.65,143.9,144.55,8415876,-0.89,COALINDIA,, ,,,,-0.82,-41.16,-1.02,0.37,51849000,-529200,1948800,718200,2667000,14301855,28442400,18916800,0.67,"3,308,859",39.32,
LICHSGFIN,403,410,402.25,408,401.6,2816217,403,410,402.25,408,2816217,1.43,LICHSGFIN,, ,,,,1.59,-45.36,-1.09,-0.09,21968000,-240000,910000,-84000,826000,5154473,10472000,6514000,0.62,"754,883",26.80,
TORNTPOWER,483.5,492.6,481,485.55,483,809156,483.5,492.6,481,485.55,809156,0.84,TORNTPOWER,, ,,,,0.53,-13.40,-1.13,0.14,3585000,-40500,-183000,-25500,-208500,934369,2538000,375000,0.15,"204,920",25,
CADILAHC,555,557.45,548,553.1,553,2170037,555,557.45,548,553.1,2170037,-0.19,CADILAHC,, ,,,,0.02,7.67,-1.24,0.29,18909000,-235400,495000,143000,638000,2015528,6949800,3856600,0.55,"1,026,540",47.31,
ABFRL,208.45,210.65,206.1,208,208.45,1791236,208.45,210.65,206.1,208,1791236,-0.05,ABFRL,, ,,,,-0.22,21.62,-1.29,-2.29,8697000,-111800,-18200,41600,23400,1472771,1250600,715000,0.57,"789,888",44.10,
MRF,80000,80559.95,79239.8,79702.05,79600.05,10789,80000,80559.95,79239.8,79702.05,10789,-0.05,MRF,, ,,,,0.13,-27.39,-1.34,0.29,41140,-550,380,110,490,14859,3310,1470,0.44,"3,132",29.03,
SUNPHARMA,795.05,803.9,787,788.3,794.85,2811619,795.05,803.9,787,788.3,2811619,-0.72,SUNPHARMA,, ,,,,-0.82,-62.19,-1.34,0.12,36036000,-483000,1667400,200200,1867600,7435465,10292800,3472000,0.34,"1,081,497",38,Yes
BHEL,54.5,55.55,52.6,54.6,52.65,77814672,54.5,55.55,52.6,54.6,77814672,3.9,BHEL,, ,,,,3.70,157.22,-1.42,0.18,114187500,-1617000,6384000,1165500,7549500,30251959,47313000,21231000,0.45,"15,637,858",20.10,
ACC,2420,2437.4,2393.05,2420,2407.1,418473,2420,2437.4,2393.05,2420,418473,0.28,ACC,, ,,,,0.54,-27.91,-1.53,-0.54,2647500,-40500,6500,-3500,3000,580467,543500,303000,0.56,"193,513",46.24,
INDIGO,1906,1934.9,1894.9,1907.4,1906,687249,1906,1934.9,1894.9,1907.4,687249,0.17,INDIGO,, ,,,,0.07,-59.19,-1.57,2.58,2610500,-41000,20000,51500,71500,1684036,970500,502500,0.52,"146,716",21.35,
BAJFINANCE,7525,7674.5,7483.35,7497,7529,2227789,7525,7674.5,7483.35,7497,2227789,-0.37,BAJFINANCE,, ,,,,-0.43,-24.39,-1.58,0.43,4225250,-66875,311125,133000,444125,2946438,1967500,1654500,0.84,"743,558",33.38,Yes
AUROPHARMA,729,734.7,719.35,730,728,2486589,729,734.7,719.35,730,2486589,0.37,AUROPHARMA,, ,,,,0.27,-35.87,-1.62,0.49,16292250,-264550,-278200,-135850,-414050,3877654,6578000,3935100,0.60,"780,953",31.41,
CUB,151.5,161.5,151.3,159.15,151.5,7634327,151.5,161.5,151.3,159.15,7634327,4.88,CUB,, ,,,,5.05,316.57,-1.63,-0.03,7043200,-114700,821500,-27900,793600,1832677,1968500,889700,0.45,"2,072,843",27.15,
NAM-INDIA,424,424.55,405.15,406.95,422.95,2034555,424,424.55,405.15,406.95,2034555,-4.04,NAM-INDIA,, ,,,,-3.78,48.75,-1.78,2.07,3872000,-68800,43200,89600,132800,1367796,1670400,364800,0.22,"740,351",36.39,Yes
APOLLOTYRE,213.7,219.5,213.4,218.7,212.9,3092795,213.7,219.5,213.4,218.7,3092795,2.7,APOLLOTYRE,, ,,,,2.72,-3.49,-1.85,-0.48,12675000,-235000,-437500,210000,-227500,3204602,3790000,2385000,0.63,"756,607",24.46,
DLF,322.65,335,319.25,333,320,14296207,322.65,335,319.25,333,14296207,3.88,DLF,, ,,,,4.06,46.97,-1.92,0.38,43276200,-831600,1494900,567600,2062500,9726975,13213200,8490900,0.64,"2,612,992",18.28,Yes
HCLTECH,1190,1190.5,1161.75,1165,1179.3,3200410,1190,1190.5,1161.75,1165,3200410,-1.46,HCLTECH,, ,,,,-1.21,-55.54,-2.00,0.42,16968000,-338800,370300,156100,526400,7199002,6082300,2398200,0.39,"2,037,053",63.65,Yes
DABUR,622,627.7,615.65,624.45,620.4,2467985,622,627.7,615.65,624.45,2467985,0.47,DABUR,, ,,,,0.65,-18.46,-2.24,0.84,11162500,-250000,78750,66250,145000,3026655,2915000,1595000,0.55,"993,357",40.25,
FEDERALBNK,81.5,83.25,81.1,82.5,81.15,16310517,81.5,83.25,81.1,82.5,16310517,1.54,FEDERALBNK,, ,,,,1.66,22.11,-2.40,0.46,80780000,-1940000,-840000,-390000,-1230000,13356776,22940000,13920000,0.61,"6,186,845",37.93,
HEROMOTOCO,2759,2764,2730.6,2740,2737,442282,2759,2764,2730.6,2740,442282,-0.07,HEROMOTOCO,, ,,,,0.11,-37.53,-2.41,-0.71,4762200,-114900,2100,-1500,600,708031,1836300,1731000,0.94,"196,866",44.51,Yes
BANKBARODA,77.2,78.8,76.8,78.35,77.2,19437409,77.2,78.8,76.8,78.35,19437409,1.29,BANKBARODA,, ,,,,1.49,-26.65,-2.44,0.32,158897700,-3884400,1064700,339300,1404000,26501208,42166800,29261700,0.69,"3,670,140",18.88,
ALKEM,3870,3922,3844,3863,3878,66042,3870,3922,3844,3863,66042,-0.4,ALKEM,, ,,,,-0.39,-26.86,-2.80,0.00,350000,-9800,800,0,800,90295,84400,16400,0.19,"21,534",32.61,
ASIANPAINT,3230.05,3333,3215,3300.5,3200,2423168,3230.05,3333,3215,3300.5,2423168,3.1,ASIANPAINT,, ,,,,3.14,6.13,-2.86,0.70,5050200,-144300,535800,374100,909900,2283290,1833900,1258500,0.69,"615,326",25.39,Yes
GODREJCP,1105.8,1107,1089.05,1099.8,1100,1038779,1105.8,1107,1089.05,1099.8,1038779,0.05,GODREJCP,, ,,,,-0.02,-47.90,-2.88,16.00,5482000,-158000,-1000,-16000,-17000,1993712,1470000,649000,0.44,"479,590",46.17,
TCS,3796,3816.7,3707,3715,3797.9,2643336,3796,3816.7,3707,3715,2643336,-1.89,TCS,, ,,,,-2.18,-17.59,-2.89,-0.62,10107300,-292200,482700,-300300,182400,3207480,3417900,2974500,0.87,"1,863,636",71,
SHREECEM,28296,28600,27948.1,28550,28250,75809,28296,28600,27948.1,28550,75809,0.93,SHREECEM,, ,,,,1.06,-25.72,-2.97,0.28,191925,-5700,3000,825,3825,102061,18875,5600,0.30,"42,389",55.92,Yes
NAUKRI,6181,6265.25,6103.8,6205.1,6189.8,378180,6181,6265.25,6103.8,6205.1,378180,0.37,NAUKRI,, ,,,,0.25,-37.61,-3.04,0.10,1044375,-31750,14750,1500,16250,606196,367125,217875,0.59,"145,682",38.52,
AMARAJABAT,701,716.45,700.05,712.25,699.9,923514,701,716.45,700.05,712.25,923514,1.86,AMARAJABAT,, ,,,,1.76,-17.73,-3.15,-2.45,7455000,-235000,31000,-76000,-45000,1122577,2740000,1930000,0.70,"281,072",30.44,
DRREDDY,4739,4784.45,4687,4758.4,4709.85,562951,4739,4784.45,4687,4758.4,562951,1.16,DRREDDY,, ,,,,1.03,-12.79,-3.54,0.35,3189750,-112875,-32250,-11250,-43500,645527,1047125,827625,0.79,"283,124",50.29,
SRTRANSFIN,1352.4,1355.25,1322.7,1329,1347.45,1235877,1352.4,1355.25,1322.7,1329,1235877,-1.75,SRTRANSFIN,, ,,,,-1.37,-21.60,-3.73,0.25,4565600,-170400,271200,68800,340000,1576383,1242400,599600,0.48,"524,978",42,Yes
BRITANNIA,3984.6,4025.9,3963.85,4001,3984.6,352460,3984.6,4025.9,3963.85,4001,352460,0.09,BRITANNIA,, ,,,,0.41,-48.82,-3.99,0.40,1253800,-50000,-17000,-6800,-23800,688613,778200,281200,0.36,"166,429",47.22,Yes
RBLBANK,166.55,171.3,165.5,171,165,9101417,166.55,171.3,165.5,171,9101417,3.32,RBLBANK,, ,,,,3.64,25.93,-4.62,-0.01,33376100,-1542800,611900,-5800,606100,7227276,11759500,9613500,0.82,"2,377,232",26.12,
BANDHANBNK,286,288.95,281.65,285.85,284.7,4162554,286,288.95,281.65,285.85,4162554,0.3,BANDHANBNK,, ,,,,0.40,-38.39,-4.90,0.51,27772200,-1360800,192600,99000,291600,6756768,7648200,5648400,0.74,"1,085,706",26.08,
BHARTIARTL,668,673.3,654,663.85,662,30228814,668,673.3,654,663.85,30228814,-0.03,BHARTIARTL,, ,,,,0.28,-49.33,-5.00,0.13,79781802,-3990756,4890342,629340,5519682,59661820,42371241,22944996,0.54,"11,672,184",38.61,Yes
GODREJPROP,1494,1572.8,1477.45,1561.1,1489,1496573,1494,1572.8,1477.45,1561.1,1496573,4.84,GODREJPROP,, ,,,,4.84,169.73,-5.22,0.29,1916850,-100100,403650,115700,519350,554834,925600,308750,0.33,"285,825",19.10,Yes
BHARATFORG,770.7,784.9,762.8,778.25,766.05,2545047,770.7,784.9,762.8,778.25,2545047,1.44,BHARATFORG,, ,,,,1.59,-25.25,-5.65,0.03,8122500,-459000,102000,3000,105000,3404792,2686500,1305000,0.49,"1,003,718",39.44,
HINDALCO,474,474,455.05,458,470,10038500,474,474,455.05,458,10038500,-2.2,HINDALCO,,SELL,,,,-2.55,-51.85,-5.77,-0.15,35939400,-2072600,3349700,-516000,2833700,20847646,19158650,10726350,0.56,"2,594,218",25.84,
CANBK,159,162.2,157.2,161.2,158.65,16600381,159,162.2,157.2,161.2,16600381,1.32,CANBK,, ,,,,1.61,-49.19,-6.14,0.32,73024200,-4482000,-4627800,-1485000,-6112800,32668471,19488600,11691000,0.60,"5,461,565",32.90,
METROPOLIS,2825,2925,2825,2895.15,2821.05,283338,2825,2925,2825,2895.15,283338,2.54,METROPOLIS,,BUY,,,,2.63,33.60,-6.54,0.27,302800,-19800,12400,3400,15800,212086,102400,23400,0.23,"106,595",37.62,
TVSMOTOR,529,533.9,523.1,530.05,525.5,1619926,529,533.9,523.1,530.05,1619926,0.93,TVSMOTOR,, ,,,,0.87,-62.41,-7.84,0.11,5840800,-457800,-729400,-79800,-809200,4309112,3269000,1694000,0.52,"427,850",26,